dataset name,link,Public Or Protected,Data Name,Owner,Sensor Platform,Operation Mode,Band,Polarization,Single Or Multilook,Data Domain,Cover Area,Scene,Image Acquisition Time,Azimuth Pixel Size,Slant Range Pixel Size,Ground Range Pixel Size,Cover Area Latlng,Data Time Original (UTC)
OpenSARUrban01,http://opensar.sjtu.edu.cn/Data/DataShow/175,Public,OpenSARUrban01,zhaojuan,Sentinel-1A/1B,TOPSAR,C,VV-VH,Singlelook,---,CN,Landcover,2019/11/17 21:48:40,10 m,,10 m,,"Sun, 17 Nov 2019 21:48:40 GMT"
sarship1,http://opensar.sjtu.edu.cn/Data/DataShow/157,Public,sarship1,zengyulong,Sentinel-1A/1B,TOPSAR,C,HH-HV,Multilook,amplitude,SO,maritime targets,2019/4/13 10:00:21,10m,,10m,,"Sat, 13 Apr 2019 10:00:21 GMT"
SARSHIPDetectionAnnotation,http://opensar.sjtu.edu.cn/Data/DataShow/155,Public,SARSHIPDetectionAnnotation,chy940403,Sentinel-1A/1B,TOPSAR,C,VV-VH,Multilook,amplitude,"CN,ZheJiang",maritime targets,2015/7/8 9:54:30,10m,,10m,,"Wed, 08 Jul 2015 09:54:30 GMT"
Sentinel-ship46,http://opensar.sjtu.edu.cn/Data/DataShow/154,Public,Sentinel-ship46,zengyulong,Sentinel-1A/1B,TOPSAR,C,VV,Singlelook,complex,FI,maritime targets,2015/2/17 20:42:17,13.95m,2.3m,-,,"Tue, 17 Feb 2015 20:42:17 GMT"
Sentinel-ship45,http://opensar.sjtu.edu.cn/Data/DataShow/153,Public,Sentinel-ship45,zengyulong,Sentinel-1A/1B,TOPSAR,C,VV,Singlelook,complex,---,maritime targets,2015/2/5 20:42:39,13.95m,2.3m,-,,"Thu, 05 Feb 2015 20:42:39 GMT"
Sentinel-ship44,http://opensar.sjtu.edu.cn/Data/DataShow/152,Public,Sentinel-ship44,zengyulong,Sentinel-1A/1B,TOPSAR,C,VV,Singlelook,complex,---,maritime targets,2014/12/19 20:43:00,13.95m,2.3m,-,,"Fri, 19 Dec 2014 20:43:00 GMT"
Sentinel-ship43,http://opensar.sjtu.edu.cn/Data/DataShow/151,Public,Sentinel-ship43,zengyulong,Sentinel-1A/1B,TOPSAR,C,VV-VH,Singlelook,complex,FI,maritime targets,2016/7/12 22:12:03,13.95m,2.3m,-,,"Tue, 12 Jul 2016 22:12:03 GMT"
Sentinel-ship42,http://opensar.sjtu.edu.cn/Data/DataShow/150,Public,Sentinel-ship42,zengyulong,Sentinel-1A/1B,TOPSAR,C,VV-VH,Singlelook,complex,GL,maritime targets,2016/7/3 22:47:57,13.95m,2.3m,-,,"Sun, 03 Jul 2016 22:47:57 GMT"
Sentinel-ship41,http://opensar.sjtu.edu.cn/Data/DataShow/149,Public,Sentinel-ship41,zengyulong,Sentinel-1A/1B,TOPSAR,C,VV-VH,Singlelook,complex,FI,maritime targets,2016/6/30 22:12:33,13.95m,2.3m,-,,"Thu, 30 Jun 2016 22:12:33 GMT"
Sentinel-ship40,http://opensar.sjtu.edu.cn/Data/DataShow/148,Public,Sentinel-ship40,zengyulong,Sentinel-1A/1B,TOPSAR,C,VV-VH,Singlelook,complex,---,maritime targets,2016/6/8 9:54:29,13.95m,2.3m,-,,"Wed, 08 Jun 2016 09:54:29 GMT"
Sentinel-ship39,http://opensar.sjtu.edu.cn/Data/DataShow/147,Public,Sentinel-ship39,zengyulong,Sentinel-1A/1B,TOPSAR,C,VV-VH,Singlelook,complex,FI,maritime targets,2016/6/6 22:12:38,13.95m,2.3m,-,,"Mon, 06 Jun 2016 22:12:38 GMT"
Sentinel-ship38,http://opensar.sjtu.edu.cn/Data/DataShow/146,Public,Sentinel-ship38,zengyulong,Sentinel-1A/1B,TOPSAR,C,VV-VH,Singlelook,complex,FI,maritime targets,2016/3/28 9:54:37,13.95m,2.3m,-,,"Mon, 28 Mar 2016 09:54:37 GMT"
Sentinel-ship37,http://opensar.sjtu.edu.cn/Data/DataShow/145,Public,Sentinel-ship37,zengyulong,Sentinel-1A/1B,TOPSAR,C,VV-VH,Singlelook,complex,FI,maritime targets,2016/2/9 9:54:12,13.95m,2.3m,-,,"Tue, 09 Feb 2016 09:54:12 GMT"
Sentinel-ship36,http://opensar.sjtu.edu.cn/Data/DataShow/144,Public,Sentinel-ship36,zengyulong,Sentinel-1A/1B,TOPSAR,C,VV-VH,Singlelook,complex,SE,maritime targets,2015/9/26 10:25:00,13.95m,2.3m,-,,"Sat, 26 Sep 2015 10:25:00 GMT"
Sentinel-ship35,http://opensar.sjtu.edu.cn/Data/DataShow/143,Public,Sentinel-ship35,zengyulong,Sentinel-1A/1B,TOPSAR,---,VV-VH,Singlelook,complex,FI,maritime targets,2015/8/25 9:54:45,13.95m,2.3m,-,,"Tue, 25 Aug 2015 09:54:45 GMT"
Sentinel-ship34,http://opensar.sjtu.edu.cn/Data/DataShow/142,Public,Sentinel-ship34,zengyulong,Sentinel-1A/1B,TOPSAR,C,VV-VH,Singlelook,complex,FI,maritime targets,2015/7/8 8:54:48,13.95m,2.3m,-,,"Wed, 08 Jul 2015 08:54:48 GMT"
Sentinel-ship33,http://opensar.sjtu.edu.cn/Data/DataShow/141,Public,Sentinel-ship33,zengyulong,Sentinel-1A/1B,TOPSAR,---,VV-VH,Singlelook,complex,SE,maritime targets,2015/4/3 11:25:29,13.95m,2.3m,-,,"Fri, 03 Apr 2015 11:25:29 GMT"
Sentinel-ship32,http://opensar.sjtu.edu.cn/Data/DataShow/140,Public,Sentinel-ship32,zengyulong,Sentinel-1A/1B,TOPSAR,C,HH-HV,Singlelook,complex,SO,maritime targets,2014/11/7 17:49:36,13.95m,2.3m,-,,"Fri, 07 Nov 2014 17:49:36 GMT"
Sentinel-ship31,http://opensar.sjtu.edu.cn/Data/DataShow/139,Public,Sentinel-ship31,zengyulong,Sentinel-1A/1B,TOPSAR,---,HH-HV,Singlelook,complex,SO,maritime targets,2015/11/2 17:41:20,13.95m,2.3m,-,,"Mon, 02 Nov 2015 17:41:20 GMT"
Sentinel-ship30,http://opensar.sjtu.edu.cn/Data/DataShow/136,Public,Sentinel-ship30,zengyulong,Sentinel-1A/1B,TOPSAR,C,VV,Multilook,amplitude,FI,maritime targets,2016/1/31 20:43:00,10m,,10m,,"Sun, 31 Jan 2016 20:43:00 GMT"
Sentinel-ship29,http://opensar.sjtu.edu.cn/Data/DataShow/135,Public,Sentinel-ship29,zengyulong,Sentinel-1A/1B,---,---,VV,Multilook,amplitude,---,maritime targets,2015/2/26 9:55:00,10m,,10m,,"Thu, 26 Feb 2015 09:55:00 GMT"
Sentinel-ship28,http://opensar.sjtu.edu.cn/Data/DataShow/134,Public,Sentinel-ship28,zengyulong,Sentinel-1A/1B,TOPSAR,C,VV-VH,Multilook,---,GL,maritime targets,2016/7/3 22:48:00,10m,,10m,,"Sun, 03 Jul 2016 22:48:00 GMT"
Sentinel-ship27,http://opensar.sjtu.edu.cn/Data/DataShow/132,Public,Sentinel-ship27,zengyulong,Sentinel-1A/1B,TOPSAR,C,VV-VH,Multilook,amplitude,GL,maritime targets,2016/6/9 22:48:00,10m,,10m,,"Thu, 09 Jun 2016 22:48:00 GMT"
Sentinel-ship26,http://opensar.sjtu.edu.cn/Data/DataShow/131,Public,Sentinel-ship26,zengyulong,Sentinel-1A/1B,TOPSAR,C,VV-VH,Multilook,amplitude,FI,maritime targets,2016/6/28 9:55:00,10m,,10m,,"Tue, 28 Jun 2016 09:55:00 GMT"
Sentinel-ship25,http://opensar.sjtu.edu.cn/Data/DataShow/130,Public,Sentinel-ship25,zengyulong,Sentinel-1A/1B,TOPSAR,C,VV-VH,Multilook,amplitude,FI,maritime targets,2016/5/18 8:41:04,10m,,10m,,"Wed, 18 May 2016 08:41:04 GMT"
Sentinel-ship24,http://opensar.sjtu.edu.cn/Data/DataShow/129,Public,Sentinel-ship24,zengyulong,Sentinel-1A/1B,TOPSAR,C,VV-VH,Multilook,amplitude,GL,maritime targets,2015/5/15 9:55:03,10m,,10m,,"Fri, 15 May 2015 09:55:03 GMT"
Sentinel-ship23,http://opensar.sjtu.edu.cn/Data/DataShow/128,Public,Sentinel-ship23,zengyulong,-----Select-----,TOPSAR,C,VV-VH,Multilook,amplitude,FI,maritime targets,2016/5/11 10:25:59,10m,,10m,,"Wed, 11 May 2016 10:25:59 GMT"
Sentinel-ship22,http://opensar.sjtu.edu.cn/Data/DataShow/127,Public,Sentinel-ship22,zengyulong,Sentinel-1A/1B,TOPSAR,C,VV-VH,Multilook,amplitude,FI,maritime targets,2016/4/29 10:25:06,10m,,10m,,"Fri, 29 Apr 2016 10:25:06 GMT"
Sentinel-ship21,http://opensar.sjtu.edu.cn/Data/DataShow/126,Public,Sentinel-ship21,zengyulong,Sentinel-1A/1B,TOPSAR,C,VV-VH,Multilook,amplitude,GL,maritime targets,2016/4/21 9:55:38,10m,,10m,,"Thu, 21 Apr 2016 09:55:38 GMT"
Sentinel-ship20,http://opensar.sjtu.edu.cn/Data/DataShow/125,Public,Sentinel-ship20,zengyulong,Sentinel-1A/1B,TOPSAR,C,VV-VH,Multilook,amplitude,GL,maritime targets,2015/3/23 11:25:02,10m,,10m,,"Mon, 23 Mar 2015 11:25:02 GMT"
Sentinel-ship19,http://opensar.sjtu.edu.cn/Data/DataShow/124,Public,Sentinel-ship19,zengyulong,Sentinel-1A/1B,TOPSAR,C,VV-VH,Multilook,amplitude,GL,maritime targets,2016/3/28 9:55:46,10m,,10m,,"Mon, 28 Mar 2016 09:55:46 GMT"
Sentinel-ship18,http://opensar.sjtu.edu.cn/Data/DataShow/123,Public,Sentinel-ship18,zengyulong,Sentinel-1A/1B,TOPSAR,C,VV-VH,Multilook,amplitude,FI,maritime targets,2016/3/24 9:39:56,10m,,10m,,"Thu, 24 Mar 2016 09:39:56 GMT"
Sentinel-ship17,http://opensar.sjtu.edu.cn/Data/DataShow/122,Public,Sentinel-ship17,zengyulong,Sentinel-1A/1B,TOPSAR,C,VV-VH,Multilook,amplitude,FI,maritime targets,2016/3/12 9:36:13,10m,,10m,,"Sat, 12 Mar 2016 09:36:13 GMT"
Sentinel-ship16,http://opensar.sjtu.edu.cn/Data/DataShow/121,Public,Sentinel-ship16,zengyulong,Sentinel-1A/1B,TOPSAR,C,VV-VH,Multilook,amplitude,GL,maritime targets,2016/3/4 9:32:22,10m,,10m,,"Fri, 04 Mar 2016 09:32:22 GMT"
Sentinel-ship15,http://opensar.sjtu.edu.cn/Data/DataShow/120,Public,Sentinel-ship15,zengyulong,Sentinel-1A/1B,TOPSAR,C,VV-VH,Multilook,amplitude,GL,maritime targets,2016/2/9 9:29:07,10m,,10m,,"Tue, 09 Feb 2016 09:29:07 GMT"
Sentinel-ship14,http://opensar.sjtu.edu.cn/Data/DataShow/119,Public,Sentinel-ship14,zengyulong,Sentinel-1A/1B,TOPSAR,C,VV-VH,Multilook,amplitude,SE,maritime targets,2016/1/31 10:16:50,10m,,10m,,"Sun, 31 Jan 2016 10:16:50 GMT"
Sentinel-ship13,http://opensar.sjtu.edu.cn/Data/DataShow/118,Public,Sentinel-ship13,zengyulong,Sentinel-1A/1B,TOPSAR,C,VV-VH,Multilook,amplitude,---,maritime targets,2016/11/6 9:54:25,10m,,10m,,"Sun, 06 Nov 2016 09:54:25 GMT"
Sentinel-ship12,http://opensar.sjtu.edu.cn/Data/DataShow/117,Public,Sentinel-ship12,zengyulong,Sentinel-1A/1B,TOPSAR,C,VV-VH,Multilook,amplitude,FI,maritime targets,2015/11/29 9:54:30,10m,,10m,,"Sun, 29 Nov 2015 09:54:30 GMT"
Sentinel-ship11,http://opensar.sjtu.edu.cn/Data/DataShow/116,Public,Sentinel-ship11,zengyulong,Sentinel-1A/1B,TOPSAR,C,VV-VH,Multilook,amplitude,SE,maritime targets,2015/10/20 10:25:32,10m,,10m,,"Tue, 20 Oct 2015 10:25:32 GMT"
Sentinel-ship10,http://opensar.sjtu.edu.cn/Data/DataShow/115,Public,Sentinel-ship10,zengyulong,-----Select-----,TOPSAR,C,VV-VH,Multilook,amplitude,SE,maritime targets,2015/10/8 10:25:20,10m,,10m,,"Thu, 08 Oct 2015 10:25:20 GMT"
Sentinel-ship9,http://opensar.sjtu.edu.cn/Data/DataShow/114,Public,Sentinel-ship9,zengyulong,Sentinel-1A/1B,TOPSAR,C,---,Multilook,amplitude,FI,maritime targets,2015/9/26 10:25:30,10m,,10m,,"Sat, 26 Sep 2015 10:25:30 GMT"
Sentinel-ship8,http://opensar.sjtu.edu.cn/Data/DataShow/113,Public,Sentinel-ship8,zengyulong,Sentinel-1A/1B,TOPSAR,C,VV-VH,Multilook,amplitude,GL,maritime targets,2015/9/18 9:54:40,10m,,10m,,"Fri, 18 Sep 2015 09:54:40 GMT"
Sentinel-ship7,http://opensar.sjtu.edu.cn/Data/DataShow/112,Public,Sentinel-ship7,zengyulong,Sentinel-1A/1B,TOPSAR,C,VV-VH,Multilook,amplitude,FI,maritime targets,2015/9/14 10:25:08,10m,,10m,,"Mon, 14 Sep 2015 10:25:08 GMT"
Sentinel-ship6,http://opensar.sjtu.edu.cn/Data/DataShow/111,Public,Sentinel-ship6,zengyulong,Sentinel-1A/1B,TOPSAR,C,VV-VH,Multilook,amplitude,GL,maritime targets,2015/9/2 10:25:10,10m,,10m,,"Wed, 02 Sep 2015 10:25:10 GMT"
Sentinel-ship5,http://opensar.sjtu.edu.cn/Data/DataShow/110,Public,Sentinel-ship5,zengyulong,Sentinel-1A/1B,TOPSAR,C,VV-VH,Multilook,amplitude,FI,maritime targets,2015/8/25 9:54:30,10m,,10m,,"Tue, 25 Aug 2015 09:54:30 GMT"
Sentinel-ship4,http://opensar.sjtu.edu.cn/Data/DataShow/109,Public,Sentinel-ship4,zengyulong,Sentinel-1A/1B,TOPSAR,C,VV-VH,Multilook,amplitude,SE,maritime targets,2015/7/8 9:54:29,10m,,10m,,"Wed, 08 Jul 2015 09:54:29 GMT"
Sentinel-ship3,http://opensar.sjtu.edu.cn/Data/DataShow/108,Public,Sentinel-ship3,zengyulong,Sentinel-1A/1B,TOPSAR,C,---,Multilook,amplitude,GL,maritime targets,2016/6/27 22:47:30,10m,,10m,,"Mon, 27 Jun 2016 22:47:30 GMT"
Sentinel-ship2,http://opensar.sjtu.edu.cn/Data/DataShow/107,Public,Sentinel-ship2,zengyulong,Sentinel-1A/1B,TOPSAR,C,VV-VH,Multilook,amplitude,SE,maritime targets,2015/6/12 22:17:20,10m,,10m,,"Fri, 12 Jun 2015 22:17:20 GMT"
minisar track0,http://opensar.sjtu.edu.cn/Data/DataShow/104,Public,minisar track0,minisar,Others,Stripmap,Ku,full,Singlelook,---,"CN,ShangHai",building,2016/7/4 21:16:39,0.5,,0.5,,"Mon, 04 Jul 2016 21:16:39 GMT"
Sentinel-1 urban 10,http://opensar.sjtu.edu.cn/Data/DataShow/103,Public,Sentinel-1 urban 10,zhaojuan,Sentinel-1A/1B,TOPSAR,C,VV-VH,Singlelook,amplitude,CN,Urban,2017/3/2 10:17:36,10m,,10m,,"Thu, 02 Mar 2017 10:17:36 GMT"
Sentinel-1 urban 09,http://opensar.sjtu.edu.cn/Data/DataShow/102,Public,Sentinel-1 urban 09,zhaojuan,Sentinel-1A/1B,TOPSAR,C,VV-VH,Singlelook,amplitude,"CN,GanSuSheng",Urban,2016/5/23 8:19:20,10m,,10m,,"Mon, 23 May 2016 08:19:20 GMT"
Sentinel-1 urban 08,http://opensar.sjtu.edu.cn/Data/DataShow/101,Public,Sentinel-1 urban 08,zhaojuan,Sentinel-1A/1B,TOPSAR,C,VV-VH,Singlelook,amplitude,"CN,YunNan",Urban,2017/2/5 11:14:03,10m,,10m,,"Sun, 05 Feb 2017 11:14:03 GMT"
Sentinel-1 urban 07,http://opensar.sjtu.edu.cn/Data/DataShow/100,Public,Sentinel-1 urban 07,zhaojuan,Sentinel-1A/1B,TOPSAR,C,VV-VH,Singlelook,amplitude,"CN,ShanDong",Urban,2017/7/19 10:11:39,10m,,10m,,"Wed, 19 Jul 2017 10:11:39 GMT"
Sentinel-1 urban 06,http://opensar.sjtu.edu.cn/Data/DataShow/99,Public,Sentinel-1 urban 06,zhaojuan,Sentinel-1A/1B,TOPSAR,C,VV-VH,Singlelook,---,"CN,ZheJiang",Urban,2017/3/28 10:01:29,10m,,10m,,"Tue, 28 Mar 2017 10:01:29 GMT"
Sentinel-1 urban 05,http://opensar.sjtu.edu.cn/Data/DataShow/98,Public,Sentinel-1 urban 05,zhaojuan,Sentinel-1A/1B,TOPSAR,C,VV-VH,Singlelook,---,"CN,HeiLongJiang",Urban,2016/9/14 21:36:48,10m,,10m,,"Wed, 14 Sep 2016 21:36:48 GMT"
Sentinel-1 urban 04,http://opensar.sjtu.edu.cn/Data/DataShow/97,Public,Sentinel-1 urban 04,zhaojuan,Sentinel-1A/1B,TOPSAR,C,VV-VH,Singlelook,amplitude,"CN,GuangDong",Urban,2017/2/28 6:10:32,10m,,10m,,"Tue, 28 Feb 2017 06:10:32 GMT"
Sentinel-1 urban 03,http://opensar.sjtu.edu.cn/Data/DataShow/96,Public,Sentinel-1 urban 03,zhaojuan,Sentinel-1A/1B,TOPSAR,C,VV-VH,Singlelook,amplitude,"CN,SiChuan",Urban,2017/4/13 11:07:20,10m,,10m,,"Thu, 13 Apr 2017 11:07:20 GMT"
Sentinel-1 urban 01,http://opensar.sjtu.edu.cn/Data/DataShow/95,Public,Sentinel-1 urban 01,zhaojuan,Sentinel-1A/1B,TOPSAR,C,VV-VH,Singlelook,amplitude,"CN,BeiJing",Urban,2017/2/1 10:12:13,10m,,10m,,"Wed, 01 Feb 2017 10:12:13 GMT"
Sentinel-1 urban,http://opensar.sjtu.edu.cn/Data/DataShow/94,Public,Sentinel-1 urban,adminmgr,Sentinel-1A/1B,TOPSAR,C,VV-VH,Singlelook,amplitude,"CN,ChongQing",Urban,2017/2/1 19:06:28,10m,,10m,,"Wed, 01 Feb 2017 19:06:28 GMT"
OpemSARShip_total,http://opensar.sjtu.edu.cn/Data/DataShow/92,Public,OpemSARShip_total,huanglanqing,Sentinel-1A/1B,TOPSAR,C,VV-VH,Multilook,others,"CN,ShangHai",maritime targets,2017/3/28 9:49:50,--,--,--,,"Tue, 28 Mar 2017 09:49:50 GMT"
OpenSARShip041,http://opensar.sjtu.edu.cn/Data/DataShow/91,Public,OpenSARShip041,huanglanqing,Sentinel-1A/1B,TOPSAR,C,VV-VH,Singlelook,complex,"CN,ShangHai",maritime targets,2016/5/15 9:54:25,13.95m,2.33m,--,"29.8654098,120.3396987-31.8921108,123.2847976","Sun, 15 May 2016 09:54:25 GMT"
OpenSARShip040,http://opensar.sjtu.edu.cn/Data/DataShow/90,Public,OpenSARShip040,huanglanqing,Sentinel-1A/1B,TOPSAR,C,VV-VH,Singlelook,complex,"CN,GuangDong",maritime targets,2016/5/23 10:25:01,13.98m,2.33m,--,"21.4540882,113.9069595-23.6758327,116.7037811","Mon, 23 May 2016 10:25:01 GMT"
OpenSARShip039,http://opensar.sjtu.edu.cn/Data/DataShow/88,Public,OpenSARShip039,huanglanqing,Sentinel-1A/1B,TOPSAR,C,VV-VH,Singlelook,complex,"CN,GuangDong",maritime targets,2016/5/11 10:25:00,13.98m,2.33m,--,"21.4546279,113.9061660-23.6715087,116.6799316","Wed, 11 May 2016 10:25:00 GMT"
OpenSARShip038,http://opensar.sjtu.edu.cn/Data/DataShow/87,Public,OpenSARShip038,huanglanqing,Sentinel-1A/1B,TOPSAR,C,VV-VH,Singlelook,complex,"CN,GuangDong",maritime targets,2016/4/29 10:25:00,13.98m,2.33m,--,"21.4540996,114.2875061-23.6756324,116.7032928","Fri, 29 Apr 2016 10:25:00 GMT"
OpenSARShip037,http://opensar.sjtu.edu.cn/Data/DataShow/86,Public,OpenSARShip037,huanglanqing,Sentinel-1A/1B,TOPSAR,C,VV-VH,Singlelook,complex,"CN,ShangHai",maritime targets,2016/4/21 9:54:21,13.98m,2.33m,--,"29.7005348,120.7485046-31.7262172,123.3138961","Thu, 21 Apr 2016 09:54:21 GMT"
OpenSARShip036,http://opensar.sjtu.edu.cn/Data/DataShow/85,Public,OpenSARShip036,huanglanqing,Sentinel-1A/1B,TOPSAR,C,VV-VH,Singlelook,complex,"CN,GuangDong",maritime targets,2016/4/5 10:24:59,13.98m,2.33m,--,"21.4536609,113.9061126-23.6754093,116.7029953","Tue, 05 Apr 2016 10:24:59 GMT"
OpenSARShip035,http://opensar.sjtu.edu.cn/Data/DataShow/84,Public,OpenSARShip035,huanglanqing,Sentinel-1A/1B,TOPSAR,C,VV-VH,Singlelook,complex,"CN,GuangDong",maritime targets,2016/3/24 10:24:58,13.98m,2.33m,--,"21.4547557,114.2869338-23.6718635,116.6800384","Thu, 24 Mar 2016 10:24:58 GMT"
OpenSARShip034,http://opensar.sjtu.edu.cn/Data/DataShow/83,Public,OpenSARShip034,huanglanqing,Sentinel-1A/1B,TOPSAR,C,VV-VH,Singlelook,complex,"CN,GuangDong",maritime targets,2016/3/12 10:24:58,13.98m,2.33m,--,"21.4546432,113.9060440-23.6761875,116.7029800","Sat, 12 Mar 2016 10:24:58 GMT"
OpenSARShip033,http://opensar.sjtu.edu.cn/Data/DataShow/82,Public,OpenSARShip033,huanglanqing,Sentinel-1A/1B,TOPSAR,C,VV-VH,Singlelook,complex,"CN,ShangHai",maritime targets,2016/3/4 9:54:20,13.95m,2.33m,--,"29.6995964,120.3740615-31.7273216,123.3170776","Fri, 04 Mar 2016 09:54:20 GMT"
OpenSARShip032,http://opensar.sjtu.edu.cn/Data/DataShow/81,Public,OpenSARShip032,huanglanqing,Sentinel-1A/1B,TOPSAR,C,VV-VH,Singlelook,complex,"CN,ShangHai",maritime targets,2016/1/16 9:54:20,13.95m,2.33m,--,"29.7006092,120.3736114-31.7281150,123.3167572","Sat, 16 Jan 2016 09:54:20 GMT"
OpenSARShip031,http://opensar.sjtu.edu.cn/Data/DataShow/80,Public,OpenSARShip031,huanglanqing,Sentinel-1A/1B,TOPSAR,C,VV-VH,Singlelook,complex,"CN,ShangHai",maritime targets,2015/11/29 9:54:22,13.95m,2.33m,--,"29.6999111,120.3743820-31.7273578,123.3173675","Sun, 29 Nov 2015 09:54:22 GMT"
OpenSARShip030,http://opensar.sjtu.edu.cn/Data/DataShow/79,Public,OpenSARShip030,huanglanqing,Sentinel-1A/1B,TOPSAR,C,VV-VH,Singlelook,complex,"CN,GuangDong",maritime targets,2015/10/8 10:25:06,13.98m,2.33m,--,"21.7873325,113.8352966-24.0056686,116.6174621","Thu, 08 Oct 2015 10:25:06 GMT"
OpenSARShip029,http://opensar.sjtu.edu.cn/Data/DataShow/78,Public,OpenSARShip029,huanglanqing,Sentinel-1A/1B,TOPSAR,C,VV-VH,Singlelook,complex,"CN,ShangHai",maritime targets,2015/9/25 9:46:21,13.95m,2.33m,--,"30.4305686,122.2558517-32.5133628,125.2322158","Fri, 25 Sep 2015 09:46:21 GMT"
OpenSARShip028,http://opensar.sjtu.edu.cn/Data/DataShow/77,Public,OpenSARShip028,huanglanqing,Sentinel-1A/1B,TOPSAR,C,VV-VH,Singlelook,complex,"CN,GuangDong",maritime targets,2015/9/14 10:25:06,13.98m,2.33m,--,"21.7885551,113.8353881-24.0051231,116.6164474","Mon, 14 Sep 2015 10:25:06 GMT"
OpenSARShip027,http://opensar.sjtu.edu.cn/Data/DataShow/76,Public,OpenSARShip027,huanglanqing,Sentinel-1A/1B,others,C,VV-VH,Singlelook,complex,SG,maritime targets,2016/6/9 22:47:35,14.03m,2.33m,--,"00.5036487,102.6682281-02.7748823,105.2571029","Thu, 09 Jun 2016 22:47:35 GMT"
OpenSARShip026,http://opensar.sjtu.edu.cn/Data/DataShow/75,Public,OpenSARShip026,huanglanqing,Sentinel-1A/1B,TOPSAR,C,VV-VH,Singlelook,complex,"CN,TianJin",maritime targets,2016/5/25 22:12:30,13.93m,2.33m,--,"38.2977791,162.7307124-03.1481171,195.545806_","Wed, 25 May 2016 22:12:30 GMT"
OpenSARShip025,http://opensar.sjtu.edu.cn/Data/DataShow/74,Public,OpenSARShip025,huanglanqing,Sentinel-1A/1B,others,C,VV-VH,Singlelook,complex,JP,maritime targets,2016/5/18 8:41:26,13.94m,2.33m,--,"33.7125625,137.9607543-35.7882118,140.7072753","Wed, 18 May 2016 08:41:26 GMT"
OpenSARShip024,http://opensar.sjtu.edu.cn/Data/DataShow/73,Public,OpenSARShip024,huanglanqing,Sentinel-1A/1B,TOPSAR,C,VV-VH,Singlelook,complex,"CN,TianJin",maritime targets,2016/5/13 22:12:30,13.93m,2.33m,--,"38.2981758,116.2734832-40.3151168,119.5550079","Fri, 13 May 2016 22:12:30 GMT"
OpenSARShip023,http://opensar.sjtu.edu.cn/Data/DataShow/72,Public,OpenSARShip023,huanglanqing,Sentinel-1A/1B,TOPSAR,C,VV-VH,Singlelook,complex,"CN,GuangDong",maritime targets,2015/10/20 10:25:06,13.97m,2.33m,--,"21.7871646,113.8352050-24.0094223,116.6410446","Tue, 20 Oct 2015 10:25:06 GMT"
OpenSARShip022,http://opensar.sjtu.edu.cn/Data/DataShow/71,Public,OpenSARShip022,huanglanqing,Sentinel-1A/1B,TOPSAR,C,VV-VH,Multilook,amplitude,"CN,ShangHai",maritime targets,2016/10/18 9:54:07,10m,--,10m,"28.4003715,120.7000883-30.3139629,123.5806268","Tue, 18 Oct 2016 09:54:07 GMT"
OpenSARShip021,http://opensar.sjtu.edu.cn/Data/DataShow/70,Public,OpenSARShip021,huanglanqing,Sentinel-1A/1B,TOPSAR,C,VV-VH,Multilook,amplitude,"CN,TianJin",maritime targets,2016/8/17 22:12:36,10m,--,10m,"38.3571128,116.2660441-40.2585716,119.5425188","Wed, 17 Aug 2016 22:12:36 GMT"
OpenSARShip020,http://opensar.sjtu.edu.cn/Data/DataShow/69,Public,OpenSARShip020,huanglanqing,Sentinel-1A/1B,TOPSAR,C,VV-VH,Multilook,amplitude,"CN,TianJin",maritime targets,2016/7/12 22:12:40,10m,--,10m,"38.0043907,116.1876461-39.9068679,119.4575581","Tue, 12 Jul 2016 22:12:40 GMT"
OpenSARShip019,http://opensar.sjtu.edu.cn/Data/DataShow/68,Public,OpenSARShip019,huanglanqing,Sentinel-1A/1B,TOPSAR,C,VV-VH,Multilook,amplitude,"CN,TianJin",maritime targets,2016/6/30 22:12:33,10m,--,10m,"38.3572807,116.2659907-40.2587623,119.5425800","Thu, 30 Jun 2016 22:12:33 GMT"
OpenSARShip018,http://opensar.sjtu.edu.cn/Data/DataShow/67,Public,OpenSARShip018,huanglanqing,Sentinel-1A/1B,TOPSAR,C,VV-VH,Multilook,amplitude,"CN,TianJin",maritime targets,2016/6/6 22:12:32,10m,--,10m,"38.3573036,116.2657234-40.2587585,119.5421901","Mon, 06 Jun 2016 22:12:32 GMT"
OpenSARShip017,http://opensar.sjtu.edu.cn/Data/DataShow/66,Public,OpenSARShip017,huanglanqing,Sentinel-1A/1B,TOPSAR,C,VV-VH,Multilook,amplitude,"CN,TianJin",maritime targets,2016/5/25 22:12:31,10m,--,10m,"38.3572921,116.2664107-40.2587661,119.5428996","Wed, 25 May 2016 22:12:31 GMT"
OpenSARShip016,http://opensar.sjtu.edu.cn/Data/DataShow/65,Public,OpenSARShip016,huanglanqing,Sentinel-1A/1B,TOPSAR,C,VV-VH,Multilook,amplitude,"CN,GuangDong",maritime targets,2016/5/23 10:25:01,10m,--,10m,"21.4548835,113.9200047-23.6313743,116.7191688","Mon, 23 May 2016 10:25:01 GMT"
OpenSARShip015,http://opensar.sjtu.edu.cn/Data/DataShow/64,Public,OpenSARShip015,huanglanqing,Sentinel-1A/1B,TOPSAR,C,VV-VH,Multilook,amplitude,"CN,TianJin",maritime targets,2016/5/13 22:12:31,10m,--,10m,"38.3572959,116.2667467-40.2588157,119.5432728","Fri, 13 May 2016 22:12:31 GMT"
OpenSARShip014,http://opensar.sjtu.edu.cn/Data/DataShow/63,Public,OpenSARShip014,huanglanqing,Sentinel-1A/1B,TOPSAR,C,VV-VH,Multilook,amplitude,"CN,TianJin",maritime targets,2016/4/19 22:12:27,10m,--,10m,"38.5231132,116.3006435-40.4245147,119.5828484","Tue, 19 Apr 2016 22:12:27 GMT"
OpenSARShip013,http://opensar.sjtu.edu.cn/Data/DataShow/62,Public,OpenSARShip013,huanglanqing,Sentinel-1A/1B,TOPSAR,C,VV-VH,Multilook,amplitude,"CN,TianJin",maritime targets,2016/4/7 22:12:26,10m,--,10m,"38.5231171,163.0034564-04.2445371,195.826419_","Thu, 07 Apr 2016 22:12:26 GMT"
OpenSARShip012,http://opensar.sjtu.edu.cn/Data/DataShow/61,Public,OpenSARShip012,huanglanqing,Sentinel-1A/1B,TOPSAR,C,VV-VH,Multilook,amplitude,"CN,GuangDong",maritime targets,2016/4/5 10:24:59,10m,--,10m,"21.4544143,113.9190966-23.6312656,116.7183380","Tue, 05 Apr 2016 10:24:59 GMT"
OpenSARShip011,http://opensar.sjtu.edu.cn/Data/DataShow/60,Public,OpenSARShip011,huanglanqing,Sentinel-1A/1B,TOPSAR,C,VV-VH,Multilook,amplitude,"CN,ShangHai",maritime targets,2016/3/28 9:54:21,10m,--,10m,"29.7412261,120.3928218-31.6531333,123.3282085","Mon, 28 Mar 2016 09:54:21 GMT"
OpenSARShip010,http://opensar.sjtu.edu.cn/Data/DataShow/59,Public,OpenSARShip010,huanglanqing,Sentinel-1A/1B,TOPSAR,C,VV-VH,Multilook,amplitude,"CN,TianJin",maritime targets,2016/3/26 22:12:26,10m,--,10m,"38.5231590,116.3004678-40.4245796,119.5827031","Sat, 26 Mar 2016 22:12:26 GMT"
OpenSARShip009,http://opensar.sjtu.edu.cn/Data/DataShow/58,Public,OpenSARShip009,huanglanqing,Sentinel-1A/1B,TOPSAR,C,VV-VH,Multilook,amplitude,"CN,TianJin",maritime targets,2016/3/2 22:12:25,10m,--,10m,"38.5231933,116.3016591-40.4246215,119.5842600","Wed, 02 Mar 2016 22:12:25 GMT"
OpenSARShip008,http://opensar.sjtu.edu.cn/Data/DataShow/57,Public,OpenSARShip008,huanglanqing,Sentinel-1A/1B,TOPSAR,C,VV-VH,Multilook,amplitude,"CN,TianJin",maritime targets,2016/2/19 22:12:25,10m,--,10m,"38.5232315,116.3008496-40.4246063,119.5834188","Fri, 19 Feb 2016 22:12:25 GMT"
OpenSARShip007,http://opensar.sjtu.edu.cn/Data/DataShow/56,Public,OpenSARShip007,huanglanqing,Sentinel-1A/1B,TOPSAR,C,VV-VH,Multilook,amplitude,"CN,TianJin",maritime targets,2016/1/26 22:12:25,10m,--,10m,"38.5231590,116.3021921-40.4246520,119.5849238","Tue, 26 Jan 2016 22:12:25 GMT"
OpenSARShip006,http://opensar.sjtu.edu.cn/Data/DataShow/55,Public,OpenSARShip006,huanglanqing,Sentinel-1A/1B,TOPSAR,C,VV-VH,Multilook,amplitude,"CN,TianJin",maritime targets,2016/1/14 22:12:26,10m,--,10m,"38.5231399,116.3022303-40.4245796,119.5849604","Thu, 14 Jan 2016 22:12:26 GMT"
OpenSARShip005,http://opensar.sjtu.edu.cn/Data/DataShow/54,Public,OpenSARShip005,huanglanqing,Sentinel-1A/1B,TOPSAR,C,VV-VH,Multilook,amplitude,"CN,TianJin",maritime targets,2016/1/2 22:12:26,10m,--,10m,"38.5230751,116.3017966-40.4245376,119.5846408","Sat, 02 Jan 2016 22:12:26 GMT"
OpenSARShip004,http://opensar.sjtu.edu.cn/Data/DataShow/53,Public,OpenSARShip004,huanglanqing,Sentinel-1A/1B,TOPSAR,C,VV-VH,Multilook,amplitude,"CN,TianJin",maritime targets,2015/10/10 22:12:34,10m,--,10m,"38.1983222,116.2336425-40.0998687,119.5039434","Sat, 10 Oct 2015 22:12:34 GMT"
OpenSARShip003,http://opensar.sjtu.edu.cn/Data/DataShow/52,Public,OpenSARShip003,huanglanqing,Sentinel-1A/1B,TOPSAR,C,VV-VH,Multilook,amplitude,"CN,TianJin",maritime targets,2015/9/28 22:12:39,10m,--,10m,"37.8454666,116.1563423-39.7477226,119.4169165","Mon, 28 Sep 2015 22:12:39 GMT"
OpenSARShip002,http://opensar.sjtu.edu.cn/Data/DataShow/51,Public,OpenSARShip002,huanglanqing,Sentinel-1A/1B,TOPSAR,C,VV-VH,Multilook,amplitude,"CN,TianJin",maritime targets,2015/9/16 22:12:33,10m,--,10m,"38.1983489,116.5440221-40.0997695,119.5040521","Wed, 16 Sep 2015 22:12:33 GMT"
OpenSARShip001,http://opensar.sjtu.edu.cn/Data/DataShow/50,Public,OpenSARShip001,huanglanqing,Sentinel-1A/1B,TOPSAR,C,VV-VH,Multilook,amplitude,"CN,TianJin",maritime targets,2015/8/23 22:12:33,10m,--,10m,"38.1984024,119.5033256-40.0998725,119.5033256","Sun, 23 Aug 2015 22:12:33 GMT"
Test Add Data This Name For Second,http://opensar.sjtu.edu.cn/Data/DataShow/32,Public,Test Add Data This Name For Second,wcTest,TerraSAR-X/TanDEM-X,ScanSAR,Q,VH,Multilook,DEM,AC,"Land Environment and Hazard,building",2015/2/11 10:31:13,680,,test,"30.7004201,122.5076844-30.8004201,122.6076844","Wed, 11 Feb 2015 10:31:13 GMT"
